atoll,island,genset_number,model,rated_kw,operating_kw
ADh,Dhangethi,1,"CUMMINS 6CTA8.3-G2",160,110
ADh,Dhangethi,2,"CUMMINS KTA19-G4",448,310
ADh,Dhangethi,3,"CUMMINS NT-855-G4",200,160
ADh,Dhangethi,4,"CUMMINS KTA19-G4",400,310
ADh,Dhangethi,5,"VOLVO TAD 1346 GE",418,334.4
ADh,Dhigurah,1,"VOLVO TAD 1341 GE",275,275
ADh,Dhigurah,2,"CUMMINS KTA38-G2",600,480
ADh,Dhigurah,3,"CUMMINS KTA38-G2",648,600
ADh,Dhigurah,4,"CUMMINS KTA50-G3",1000,800
ADh,Dhigurah,5,"VOLVO TAD 1344 GE",320,300
ADh,Dhihdhoo,1,"CUMMINS 6CTA8.3-G2",160,112
ADh,Dhihdhoo,2,"VOLVO TAD 731 GE",128,89.6
ADh,Dhihdhoo,3,"VOLVO TAD 731 GE",128,89.6
ADh,Fenfushi,1,"CUMMINS QSN-16-G2",320,280
ADh,Fenfushi,2,"VOLVO TAD 733 GE",176,140
ADh,Fenfushi,3,"CUMMINS NT-855-G6",260,234
ADh,Fenfushi,4,"VOLVO TAD 1341 GE",264,234
ADh,Hangnameedhoo,1,"CUMMINS NTA-855-G6",200,175
ADh,Hangnameedhoo,2,"CUMMINS NTAA855-G7",280,224
ADh,Hangnameedhoo,3,"VOLVO TAD 732 GE",160,145
ADh,Hangnameedhoo,4,"VOLVO TAD 733 GE",176,160
ADh,Kunburudhoo,1,"CUMMINS QSL9-G15",256,200
ADh,Kunburudhoo,2,"VOLVO TAD 733 GE",176,130
ADh,Kunburudhoo,3,"VOLVO TAD 733 GE",176,130
ADh,Kunburudhoo,4,"CUMMINS 6CTAA8.3-G2",183,125
ADh,Mahibadhoo,1,"CUMMINS QST30-G4",888,600
ADh,Mahibadhoo,2,"CUMMINS KTA38-G2",600,480
ADh,Mahibadhoo,3,"VOLVO TAD 1641 GE",440,350
ADh,Mahibadhoo,4,"CUMMINS KTA50-G3",1000,850
ADh,Mahibadhoo,5,"CUMMINS KTA38-G2",600,480
ADh,Mandhoo,1,"VOLVO TAD 532 GE",112,78
ADh,Mandhoo,2,"VOLVO TAD 733 GE",176,140
ADh,Mandhoo,3,"VOLVO TAD 733 GE",176,140
ADh,Mandhoo,4,"CUMMINS 6CTA8.3 -G2",130,91
ADh,Omadhoo,1,"VOLVO TAD 1346 GE",418,335
ADh,Omadhoo,2,"CUMMINS NTA-855-G6",200,160
ADh,Omadhoo,3,"VOLVO TAD 733 GE",176,150
ADh,Omadhoo,4,"CUMMINS NTA855-G1B",260,230
K,Dhiffushi,1,"VOLVO TAD 1641 GE",472,400
K,Dhiffushi,2,"CUMMINS KTA38-G2",664,465
K,Dhiffushi,3,"CUMMINS KTA38-G2",664,465
K,Dhiffushi,4,"CUMMINS KTA38-G2",664,465
K,Dhiffushi,5,"CUMMINS KTA50-G3",1008,850
K,Gaafaru,1,"CUMMINS KTA19-G4",400,320
K,Gaafaru,2,"CUMMINS KTA19-G4",400,320
K,Gaafaru,3,"VOLVO TAD 1342 GE",300,250
K,Gaafaru,4,"VOLVO TAD 1641 GE",440,400
K,Gulhi,1,"VOLVO TAD 1341 GE",264,211
K,Gulhi,2,"CUMMINS KTA19-G3",304,243
K,Gulhi,3,"CUMMINS KTA38-G5",800,560
K,Gulhi,4,"CUMMINS KT38-G",536,400
K,Gulhifalhu,1,"VOLVO TAD1345GE",360,
K,Gulhifalhu,2,"CUMMINS LTA 10 G3",200,
K,Gulhifalhu,3,"VOLVO TWD1643GE",613,
K,Gulhifalhu,4,"CUMMINS KTA-50-G3",1000,
K,Gulhifalhu,5,"CUMMINS NTA-855-G1B",347,
K,Guraidhoo,1,"CUMMINS KTA50-G3",1000,900
K,Guraidhoo,2,"CUMMINS KTA38-G5",600,500
K,Guraidhoo,3,"CUMMINS KTA38-G5",824,750
K,Guraidhoo,4,"VOLVO TWD 1643 GE",536,490
K,Himmafushi,1,"CUMMINS QSK19-G4",500,400
K,Himmafushi,2,"CUMMINS KTA38-G1",550,520
K,Himmafushi,3,"CUMMINS KTA38-G5",880,750
K,Himmafushi,4,"VOLVO TWD 1643 GE",500,460
K,Huraa,1,"CUMMINS KTA50-G3",1000,700
K,Huraa,2,"CUMMINS KTA38-G5",800,650
K,Huraa,3,"CUMMINS KTA38-G5",800,450
K,Huraa,4,"CUMMINS KTA50-G3",1000,750
K,Kaashidhoo,1,"CUMMINS QSK19-G4",500,400
K,Kaashidhoo,2,"CUMMINS QSK23-G3",648,600
K,Kaashidhoo,3,"CUMMINS KTA38-G5",824,707
K,Kaashidhoo,4,"VOLVO TWD 1643 GE",536,430
K,Maafushi,1,"CATERPILLAR 3516 B",1600,1300
K,Maafushi,2,"CUMMINS QSK-60-G4",1600,1300
K,Maafushi,3,"CUMMINS KTA50-G3",1000,750
K,Maafushi,4,"CUMMINS QST-30-G4",880,600
K,Maafushi,5,"CUMMINS KTA50-G3",1000,750
K,Maafushi,6,"CUMMINS KTA50-G3",1000,750
K,Maafushi,7,"CUMMINS QSK-60-G4",1600,1300
K,Maafushi,8,"CUMMINS KTA50-G3",1000,750
K,Thilafushi,1,"CUMMINS KTA50-G3",1097,
K,Thilafushi,2,"CUMMINS KTA38-G5",880,
K,Thilafushi,3,"CUMMINS KTA19-G3",360,
K,Thilafushi,4,"CUMMINS KTA38-G5",800,
K,Thilafushi,5,"CUMMINS KTA50-G3",1000,
K,Thilafushi,6,"CUMMINS KTA50-G3",1000,
K,Thulusdhoo,1,"CUMMINS KTA38-G2",648,550
K,Thulusdhoo,2,"CUMMINS KTA38-G5",840,660
K,Thulusdhoo,3,"VOLVO TAD 1641 GE",400,360
K,Thulusdhoo,4,"CUMMINS KTA38-G5",880,800
K,Villingili,1,"CUMMINS KTA-50-G3",1000,900
K,Villingili,2,"CUMMINS KTA-50-GS8",1287,1200
K,Villingili,3,"CUMMINS KTA-50-G3",1000,900
K,Villingili,4,"CUMMINS KTA-50-G3",1000,800
K,Villingili,5,"CUMMINS QSK60-G4",1600,1000
K,Villingili,6,"CUMMINS KTA-38-G5",880,750
M,Dhiggaru,1,"CUMMINS KTA38-G12",600,420
M,Dhiggaru,2,"CUMMINS KTA19-G3A",400,280
M,Dhiggaru,3,"VOLVO TAD1344GE",440,308
M,Kolhufushi,1,"CUMMINS KTA19-G4",400,280
M,Kolhufushi,2,"CUMMINS NTA855-G1B",280,140
M,Kolhufushi,3,"CUMMINS QSZ13-G10",400,280
M,Maduvvari,1,"CUMMINS 6CTAA8.3-G2",160,112
M,Maduvvari,2,"CUMMINS 6CTA8-3-G2",128,89.6
M,Maduvvari,3,"CUMMINS NTA855-G1B",250,175
M,Mulah,1,"CUMMINS KTA-38-G5",808,565.6
M,Mulah,2,"CUMMINS KTA19-G4",360,260
M,Mulah,3,"CUMMINS KTA-38-G12",600,240
M,Mulah,4,"CUMMINS KTA38-G2",600,480
M,Muli,1,"CUMMINS KTA-38-G12",600,420
M,Muli,2,"CUMMINS KTA38-G19",808,565.6
M,Muli,3,"CUMMINS KTA-38-G12",600,420
M,Naalaafushi,1,"VOLVO TAD733GE",176,123.2
M,Naalaafushi,2,"CUMMINS 6CTAA8.3-G2",160,112
M,Naalaafushi,3,"CUMMINS QSL9-G15",250,175
M,Raiymandhoo,1,"CUMMINS 6CTAA8.3-G2",160,112
M,Raiymandhoo,2,"CUMMINS 6CTAA8.3-G2",140,98
M,Raiymandhoo,3,"VOLVO TAD 731 GE",140,98
M,Veyvah,1,"CUMMINS 6CTAA8.3-G2",160,112
M,Veyvah,2,"CUMMINS QSL9-G5",250,175
M,Veyvah,3,"CUMMINS QSL9-G15",250,175
V,Felidhoo,1,"CUMMINS 6CTA 8.3-G2",120,96
V,Felidhoo,2,"VOLVO TAD 1341 GE",275,220
V,Felidhoo,3,"CUMMINS KTA19-G4",448,358.4
V,Felidhoo,4,"CUMMINS KTA19-G2",260,208
V,Fulidhoo,1,"VOLVO TAD 1342 GE",304,212.8
V,Fulidhoo,2,"VOLVO TAD 732 GE",160,145
V,Fulidhoo,3,"VOLVO TAD 733 GE",176,148
V,Fulidhoo,4,"CUMMINS NTA855-G7",280,240
V,Keyodhoo,1,"CUMMINS KTA19-G4",400,390
V,Keyodhoo,2,"VOLVO TAD 732 GE",160,130
V,Keyodhoo,3,"CUMMINS NT-855-G4",184,185
V,Keyodhoo,4,"CUMMINS KTA19-G4",416,291.2
V,Rakeedhoo,1,"VOLVO TAD 531 GE",72.6,70
V,Rakeedhoo,2,"VOLVO TAD 731 GE",140,98
V,Rakeedhoo,3,"VOLVO TAD 531 GE",72.6,70
V,Thinadhoo,1,"CUMMINS KTA38-G2",600,480
V,Thinadhoo,2,"VOLVO TAD 1341 GE",280,224
V,Thinadhoo,3,"VOLVO TAD 733 GE",176,140.8
V,Thinadhoo,4,"CUMMINS KTA-19-G6A",488,390.4
